sbn,size,category,symmetry,size_profile,sizes
441WIz2A,4,progressive,none,distinct,2 3 5 6
441W5ZZS,4,distinct,none,distinct,1 4 5 6
441WIjIG,4,plain,none,mixed,2 4 4 6
441WgWNf,4,progressive,none,distinct,2 3 5 6
441W2ora,4,plain,none,mixed,3 3 4 6
441WhA4P,4,plain,none,mixed,2 3 3 8
441WbYLY,4,progressive,none,distinct,2 3 4 7
441W28sr,4,distinct,none,distinct,2 3 4 7
441WnfEK,4,progressive,none,progressive,1 3 5 7
441WDugA,4,plain,none,mixed,2 2 6 6
441W2jIq,4,plain,none,mixed,2 4 4 6
441WWwEd,4,plain,none,mixed,1 3 3 9
441WoS5H,4,progressive,none,distinct,1 4 5 6
441W3mkh,4,plain,none,mixed,3 3 5 5
441W4WpR,4,progressive,none,progressive,1 3 5 7
441W4wbr,4,plain,none,mixed,3 4 4 5
441WIeAr,4,progressive,none,distinct,2 3 5 6
441WJYBK,4,progressive,none,distinct,2 3 5 6
441WqS7A,4,progressive,none,distinct,1 4 5 6
441WIII9,4,plain,none,mixed,2 4 4 6
441WI9Iq,4,plain,none,mixed,2 4 4 6
441W6sYa,4,distinct,none,distinct,2 3 5 6
441WIP9A,4,progressive,none,distinct,2 3 5 6
441WHLJu,4,progressive,none,distinct,2 3 5 6
441W5CLk,4,distinct,none,distinct,1 4 5 6
441W8W-o,4,progressive,none,progressive,1 3 5 7
441WM2YR,4,distinct,none,distinct,2 3 4 7
441W0Cbl,4,distinct,none,distinct,1 3 4 8
441WYM5I,4,progressive,none,distinct,1 4 5 6
441W2qHj,4,progressive,none,distinct,2 3 4 7
441W6YLs,4,progressive,none,distinct,2 3 5 6
441WKWDj,4,plain,none,mixed,2 4 4 6
441WjW9B,4,progressive,none,distinct,2 3 4 7
441WI9jO,4,progressive,none,distinct,2 3 5 6
441WYz6A,4,progressive,none,distinct,2 3 5 6
441WbQ2L,4,progressive,none,distinct,2 3 5 6
441WIO9J,4,progressive,none,distinct,1 4 5 6
441WG9Is,4,plain,none,mixed,2 2 6 6
441WBYlG,4,progressive,none,distinct,2 3 4 7
441W1aIM,4,progressive,none,distinct,1 2 6 7
441WhIDG,4,progressive,none,distinct,2 3 5 6
441W6oga,4,distinct,none,distinct,2 3 5 6
441WKejA,4,plain,none,mixed,2 2 5 7
441WHYrY,4,plain,none,mixed,2 3 3 8
441WXADi,4,progressive,none,distinct,2 3 4 7
441Waq1R,4,distinct,none,distinct,2 3 4 7
441WDYXB,4,plain,none,mixed,2 2 4 8
441W4ogI,4,distinct,none,distinct,2 3 4 7
441WHAaE,4,distinct,none,distinct,1 2 3 10
441Wt-0X,4,uniform,none,uniform,4 4 4 4
441WMi4r,4,progressive,none,distinct,2 3 5 6
441WMIYI,4,plain,none,mixed,3 4 4 5
441WDAYP,4,progressive,none,distinct,2 3 5 6
441We2Mx,4,plain,none,mixed,2 2 6 6
441WrZ3u,4,progressive,none,progressive,1 3 5 7
441W6IqI,4,progressive,none,distinct,1 4 5 6
441WHmHz,4,distinct,none,distinct,2 3 5 6
441W4qbs,4,plain,none,mixed,3 4 4 5
441W7saY,4,plain,none,mixed,3 3 5 5
441WGgA-,4,progressive,none,distinct,2 3 4 7
441WRAI9,4,progressive,none,distinct,2 3 4 7
441Wjk2O,4,plain,none,mixed,3 4 4 5
441WMi4J,4,progressive,none,distinct,1 4 5 6
441WDkWA,4,plain,none,mixed,2 3 3 8
441W9oHI,4,distinct,none,distinct,2 3 4 7
441W9Ram,4,progressive,none,distinct,2 3 4 7
441WMrK8,4,progressive,none,distinct,2 3 4 7
441Wjg19,4,progressive,none,distinct,2 3 5 6
441WjHPO,4,progressive,none,distinct,2 3 5 6
441WYJ4i,4,progressive,none,progressive,1 3 5 7
441WAIjW,4,progressive,none,distinct,2 3 4 7
441WAIsW,4,progressive,none,distinct,2 3 4 7
441WLOMD,4,distinct,none,distinct,2 3 5 6
441W5ogK,4,progressive,none,distinct,2 3 5 6
441WAYdf,4,progressive,none,distinct,2 3 5 6
441WHfAo,4,progressive,none,distinct,2 3 5 6
441W95JQ,4,plain,none,mixed,2 2 6 6
441WA2Ix,4,distinct,none,distinct,2 3 5 6
441WdvHY,4,symmetric-rot180,rot180,mixed,2 2 6 6
441WZAMi,4,plain,none,mixed,3 3 4 6
441WFYLI,4,progressive,none,distinct,2 3 5 6
441WlQK1,4,distinct,none,distinct,2 3 5 6
441W6AK-,4,progressive,none,distinct,2 3 5 6
441WVsWG,4,progressive,none,distinct,2 3 5 6
441WrI2h,4,progressive,none,distinct,2 3 5 6
441WIT1I,4,distinct,none,distinct,2 3 4 7
441WYrKi,4,progressive,none,distinct,2 3 5 6
441WRwA8,4,plain,none,mixed,3 3 5 5
441W12_o,4,progressive,none,distinct,2 3 5 6
441W9pHO,4,progressive,none,progressive,1 3 5 7
441Wka4o,4,progressive,none,distinct,2 3 4 7
441Wri4X,4,plain,none,mixed,1 4 4 7
441WVIK2,4,progressive,none,distinct,2 3 5 6
441WaWEs,4,plain,none,mixed,3 3 3 7
441WqYHa,4,plain,none,mixed,2 2 3 9
441Wai2J,4,progressive,none,distinct,1 4 5 6
441WDaaY,4,plain,none,mixed,2 3 3 8
441WIKb9,4,progressive,none,distinct,2 3 5 6
441WcoHa,4,progressive,none,distinct,2 3 5 6
441Wsi2H,4,plain,none,mixed,2 4 5 5
441WMrX8,4,progressive,none,distinct,2 3 4 7
441WaHBQ,4,plain,none,mixed,3 3 4 6
441W2mQj,4,progressive,none,distinct,1 4 5 6
441W4YSj,4,distinct,none,distinct,1 2 5 8
441Wso19,4,progressive,none,distinct,2 3 5 6
441WC2cx,4,distinct,none,distinct,2 3 4 7
441WI8RQ,4,plain,none,mixed,3 4 4 5
441WPicH,4,progressive,none,distinct,2 3 5 6
441W2TbI,4,progressive,none,distinct,2 3 5 6
441W3WkM,4,progressive,none,progressive,1 3 5 7
441WKV72,4,progressive,none,distinct,1 2 6 7
441W30jV,4,progressive,none,distinct,1 4 5 6
441WDAoO,4,plain,none,mixed,1 5 5 5
441WJ9IY,4,progressive,none,distinct,2 3 4 7
441WMmi9,4,plain,none,mixed,2 2 6 6
441WF4LR,4,distinct,none,distinct,2 3 5 6
441W1ORD,4,plain,none,mixed,2 2 4 8
441WRiI1,4,progressive,none,distinct,2 3 4 7
441WRXBO,4,progressive,none,distinct,2 3 5 6
441WMRYG,4,progressive,none,distinct,2 3 5 6
441WGOIl,4,progressive,none,distinct,1 2 6 7
441WJIaY,4,distinct,none,distinct,2 3 5 6
441WLj4Y,4,progressive,none,distinct,2 3 5 6
441WLAYw,4,plain,none,mixed,3 3 4 6
441WB8_9,4,progressive,none,distinct,2 3 4 7
441WI99Q,4,progressive,none,distinct,2 3 4 7
441WGA9k,4,plain,none,mixed,2 2 3 9
441WkHPe,4,progressive,none,distinct,2 3 5 6
441WsA2Q,4,progressive,none,distinct,2 3 4 7
441W_PG8,4,distinct,none,distinct,2 3 4 7
441W5jKa,4,progressive,none,distinct,2 3 5 6
441WPPIe,4,progressive,none,distinct,1 4 5 6
441W88jh,4,distinct,none,distinct,1 3 4 8
441WJ8Rg,4,plain,none,mixed,3 4 4 5
441WEoiW,4,distinct,none,distinct,2 3 4 7
441W2HRi,4,progressive,none,distinct,2 3 5 6
441W2YJj,4,progressive,none,distinct,2 3 5 6
441WKq5R,4,distinct,none,distinct,2 3 5 6
441WsuAA,4,progressive,none,distinct,2 3 5 6
441WJH9g,4,plain,none,mixed,3 3 4 6
441W24J_,4,progressive,none,distinct,2 3 5 6
441WP9Im,4,progressive,none,distinct,1 4 5 6
441WaeDk,4,plain,none,mixed,3 3 5 5
441Wso89,4,distinct,none,distinct,2 3 5 6
441WYk6Q,4,plain,none,mixed,3 3 5 5
441WKqbI,4,progressive,none,distinct,2 3 5 6
441WqHBi,4,progressive,none,distinct,2 3 4 7
441WHAaf,4,plain,none,mixed,2 2 4 8
441W3RIa,4,plain,none,mixed,3 3 4 6
441WOGIx,4,distinct,none,distinct,1 2 6 7
441WDYLY,4,progressive,none,distinct,2 3 4 7
441W2pHi,4,progressive,none,progressive,1 3 5 7
441W7RYa,4,plain,none,mixed,3 3 5 5
441W9hH8,4,progressive,none,distinct,1 3 4 8
441WHDbe,4,plain,none,mixed,2 2 5 7
441WIKbI,4,plain,none,mixed,2 4 5 5
441WaoEa,4,plain,none,mixed,3 3 3 7
441WHStX,4,progressive,none,distinct,2 3 4 7
441WV-48,4,symmetric-rot180,rot180,mixed,3 3 5 5
441Wgh7m,4,progressive,none,distinct,2 3 5 6
441WLL7g,4,progressive,none,distinct,2 3 5 6
441Wks4W,4,distinct,none,distinct,2 3 4 7
441Wqo5I,4,progressive,none,distinct,1 4 5 6
441Wcj4I,4,plain,none,mixed,2 4 5 5
441WIk2y,4,progressive,none,distinct,2 3 5 6
441Wer6w,4,plain,none,mixed,2 3 3 8
441WJfk4,4,plain,none,mixed,2 3 3 8
441Wr6HY,4,distinct,none,distinct,1 2 3 10
441WNeeL,4,plain,none,mixed,2 2 3 9
441WfA4f,4,plain,none,mixed,2 2 3 9
441WA8sn,4,distinct,none,distinct,2 3 4 7
441WLjWY,4,plain,none,mixed,2 3 3 8
441WjR28,4,distinct,none,distinct,1 4 5 6
441WtI2Y,4,progressive,none,distinct,2 3 5 6
441WoS5A,4,progressive,none,distinct,1 4 5 6
441WI8RP,4,plain,none,mixed,3 4 4 5
441WcWAs,4,progressive,none,distinct,2 3 4 7
441Wk8In,4,distinct,none,distinct,2 3 4 7
441WLqKv,4,progressive,none,distinct,2 3 5 6
441WXADZ,4,distinct,none,distinct,1 2 4 9
441WHHIy,4,plain,none,mixed,2 4 5 5
441W9ORH,4,progressive,none,distinct,2 3 5 6
441Wa9Mq,4,distinct,none,distinct,2 3 5 6
441W9jqW,4,progressive,none,distinct,2 3 4 7
441W3acM,4,distinct,none,distinct,1 4 5 6
441WXOMj,4,distinct,none,distinct,2 3 5 6
441W9ccv,4,progressive,none,distinct,2 3 5 6
441WJeHT,4,progressive,none,distinct,2 3 5 6
441WZIDK,4,plain,none,mixed,2 4 5 5
441WIbJ8,4,plain,none,mixed,2 2 4 8
441W3IaT,4,distinct,none,distinct,2 3 5 6
441WHD1g,4,plain,none,mixed,2 2 3 9
441WAXRe,4,progressive,none,progressive,1 3 5 7
441Wcy4B,4,distinct,none,distinct,1 4 5 6
441W4GvR,4,distinct,none,distinct,1 2 4 9
441WIAaP,4,plain,none,mixed,2 2 5 7
441WK4dR,4,progressive,none,distinct,2 3 5 6
441WRgB1,4,progressive,none,distinct,2 3 5 6
441WJsGY,4,progressive,none,distinct,2 3 5 6
441Waa3R,4,plain,none,mixed,3 3 4 6
441Ws9Gq,4,plain,none,mixed,2 2 4 8
441WGIIs,4,plain,none,mixed,2 4 4 6
441W21j-,4,distinct,none,distinct,2 3 4 7
441W9Pse,4,plain,none,mixed,3 4 4 5
441WhQ4H,4,plain,none,mixed,3 3 3 7
441Wsm8j,4,progressive,none,distinct,2 3 4 7
441Wri1f,4,plain,none,mixed,3 4 4 5
441W15tw,4,progressive,none,distinct,2 3 5 6
441Wrj0Y,4,progressive,none,distinct,2 3 4 7
441W4onI,4,distinct,none,distinct,1 3 4 8
441W7jKK,4,progressive,none,distinct,2 3 5 6
441W6vnq,4,progressive,none,distinct,1 4 5 6
441W3OjZ,4,progressive,none,distinct,1 4 5 6
441WTAK9,4,plain,none,mixed,2 3 3 8
441W58Tj,4,plain,none,mixed,2 4 5 5
441WNRKW,4,plain,none,mixed,3 3 5 5
441WGs2s,4,plain,none,mixed,2 2 4 8
441WaHIQ,4,progressive,none,distinct,2 3 5 6
441W8frg,4,distinct,none,distinct,2 3 4 7
441W9Ydo,4,progressive,none,distinct,2 3 5 6
441WJWQY,4,distinct,none,distinct,1 3 4 8
441WIU1A,4,progressive,none,progressive,1 3 5 7
441W1mPM,4,plain,none,mixed,1 1 6 8
441WQGIf,4,progressive,none,distinct,1 4 5 6
441Wq8Gd,4,plain,none,mixed,1 2 2 11
441WHGjM,4,progressive,none,distinct,1 2 6 7
441WRxA0,4,plain,none,mixed,3 4 4 5
441Wba4c,4,progressive,none,distinct,1 3 4 8
441W54rh,4,progressive,none,progressive,1 3 5 7
441Wc0B_,4,plain,none,mixed,2 4 4 6
441WUeen,4,distinct,none,distinct,1 2 4 9
441WJhJW,4,plain,none,mixed,3 4 4 5
441Wa0Tj,4,progressive,none,distinct,2 3 4 7
441WJP9C,4,plain,none,mixed,3 3 4 6
441W11RU,4,progressive,none,progressive,1 3 5 7
441W7qKT,4,progressive,none,distinct,2 3 5 6
441WIC1R,4,distinct,none,distinct,1 3 4 8
441WL9Ka,4,plain,none,mixed,2 3 3 8
441WIORH,4,plain,none,mixed,2 4 5 5
441Wd8KL,4,plain,none,mixed,2 2 4 8
441WTs6G,4,progressive,none,distinct,2 3 5 6
441WhY7I,4,distinct,none,distinct,2 3 5 6
441Wsi1Q,4,uniform,none,uniform,4 4 4 4
441WjRI0,4,plain,none,mixed,2 4 4 6
441WjQI1,4,progressive,none,distinct,2 3 4 7
441WJa3T,4,plain,none,mixed,3 3 4 6
441WMJK8,4,progressive,none,progressive,1 3 5 7
441WYIMa,4,plain,none,mixed,3 3 4 6
441WLTZY,4,progressive,none,distinct,2 3 4 7
441W2Ykj,4,progressive,none,distinct,2 3 4 7
441WEHTe,4,plain,none,mixed,3 3 4 6
441WbPIC,4,progressive,none,distinct,2 3 5 6
441W2fyq,4,plain,none,mixed,1 4 4 7
441WHOIh,4,plain,none,mixed,1 3 6 6
441WxeE1,4,progressive,none,distinct,1 3 4 8
441Wc0Rj,4,plain,none,mixed,2 4 4 6
441Wsa2I,4,plain,none,mixed,2 4 4 6
441WavHI,4,plain,none,mixed,2 2 5 7
441W6Hqi,4,progressive,none,distinct,1 4 5 6
441Woc69,4,progressive,none,distinct,1 2 5 8
441WGIs9,4,plain,none,mixed,2 2 4 8
441WHS1r,4,plain,none,mixed,2 2 4 8
441W92ah,4,plain,none,mixed,2 2 3 9
441WKHMi,4,distinct,none,distinct,2 3 5 6
441WEhnm,4,progressive,none,progressive,1 3 5 7
441WPC1f,4,plain,none,mixed,1 3 3 9
441W82_o,4,progressive,none,distinct,2 3 5 6
441WJj2a,4,progressive,none,distinct,2 3 5 6
441WrfCW,4,progressive,none,progressive,1 3 5 7
441WRP9G,4,plain,none,mixed,2 4 4 6
441Wph7W,4,progressive,none,distinct,1 4 5 6
441WIARA,4,progressive,none,distinct,2 3 4 7
441WaTHI,4,plain,none,mixed,2 2 3 9
441WkgAu,4,plain,none,mixed,3 3 4 6
441Wj9KW,4,plain,none,mixed,2 2 4 8
441WV9KG,4,progressive,none,distinct,2 3 4 7
441WBgt8,4,progressive,none,distinct,2 3 5 6
441WAgJn,4,plain,none,mixed,3 4 4 5
441WPgHe,4,progressive,none,progressive,1 3 5 7
441WAZJe,4,progressive,none,progressive,1 3 5 7
441WG4tR,4,progressive,none,distinct,2 3 5 6
441W4kcy,4,plain,none,mixed,3 3 4 6
441WsI29,4,plain,none,mixed,2 2 6 6
441Wj1BQ,4,progressive,none,distinct,2 3 4 7
441W2WtR,4,distinct,none,distinct,2 3 5 6
441W3IjY,4,plain,none,mixed,2 4 5 5
441W9uPH,4,progressive,none,progressive,1 3 5 7
441W4yXJ,4,progressive,none,distinct,1 3 4 8
441WK9MI,4,progressive,none,distinct,2 3 5 6
441WDpXO,4,progressive,none,distinct,1 4 5 6
441WZIMY,4,plain,none,mixed,3 4 4 5
441WaE3Q,4,plain,none,mixed,1 3 6 6
441WzHGu,4,progressive,none,distinct,1 2 5 8
441WZI4c,4,progressive,none,progressive,1 3 5 7
441WDRo0,4,plain,none,mixed,1 4 4 7
441WLc7K,4,progressive,none,distinct,1 4 5 6
441WIrH8,4,plain,none,mixed,2 2 5 7
441W0ezk,4,progressive,none,distinct,1 4 5 6
441WRoHG,4,distinct,none,distinct,2 3 5 6
441WHIIv,4,plain,none,mixed,2 4 5 5
441Wa1RQ,4,progressive,none,distinct,2 3 5 6
441WbGBM,4,progressive,none,distinct,1 4 5 6
441W_eA1,4,plain,none,mixed,2 3 3 8
441WyYHW,4,distinct,none,distinct,1 2 3 10
441WMKZI,4,plain,none,mixed,3 4 4 5
441WrWHh,4,distinct,none,distinct,2 3 5 6
441WS8Mn,4,progressive,none,progressive,1 3 5 7
441WLffe,4,progressive,none,distinct,2 3 5 6
441War2Q,4,plain,none,mixed,3 3 4 6
441WIL1i,4,plain,none,mixed,2 2 5 7
441WeODp,4,distinct,none,distinct,1 2 5 8
441Wsa4I,4,plain,none,mixed,1 4 4 7
441WEIvW,4,progressive,none,distinct,1 2 6 7
441Wf1Dg,4,plain,none,mixed,2 2 3 9
441WHkGf,4,plain,none,mixed,2 2 4 8
441WQi2n,4,progressive,none,distinct,1 4 5 6
441WmOVA,4,progressive,none,distinct,1 2 5 8
441W79oa,4,progressive,none,progressive,1 3 5 7
441W0H_i,4,distinct,none,distinct,2 3 4 7
441WJb3S,4,progressive,none,distinct,2 3 5 6
441WDnSu,4,progressive,none,distinct,1 4 5 6
441WBYJY,4,progressive,none,distinct,2 3 5 6
441WHgHb,4,plain,none,mixed,2 2 3 9
441WKYdI,4,plain,none,mixed,2 4 5 5
441WLfgm,4,plain,none,mixed,2 4 5 5
441WbAIS,4,plain,none,mixed,2 4 5 5
441WMHKQ,4,plain,none,mixed,3 3 4 6
441WpT5W,4,progressive,none,distinct,1 4 5 6
441WIjHO,4,plain,none,mixed,2 2 6 6
441WAWQo,4,progressive,none,progressive,1 3 5 7
441Wss0a,4,plain,none,mixed,2 4 4 6
441WIAIP,4,plain,none,mixed,2 4 5 5
441W9ORA,4,plain,none,mixed,2 2 5 7
441WRYJ2,4,progressive,none,distinct,2 3 4 7
441WLT7Y,4,progressive,none,distinct,2 3 5 6
441W6bbQ,4,progressive,none,distinct,2 3 5 6
441WQP9Y,4,progressive,none,distinct,1 2 6 7
441W3IsY,4,plain,none,mixed,2 4 5 5
441W4ggQ,4,progressive,none,distinct,2 3 4 7
441WAjcY,4,progressive,none,distinct,2 3 4 7
441WkZ1w,4,progressive,none,progressive,1 3 5 7
441WJk2S,4,plain,none,mixed,3 3 4 6
441W2QIk,4,plain,none,mixed,3 3 4 6
441WLeSX,4,distinct,none,distinct,1 3 4 8
441Wsc0R,4,plain,none,mixed,2 4 4 6
441WQT1Y,4,progressive,none,distinct,1 2 6 7
441WjU31,4,progressive,none,progressive,1 3 5 7
441WqoAa,4,plain,none,mixed,2 3 3 8
441W8qro,4,progressive,none,distinct,2 3 5 6
441Wiy6g,4,plain,none,mixed,2 4 5 5
441WKAcQ,4,progressive,none,distinct,2 3 5 6
441W2Yla,4,progressive,none,distinct,2 3 4 7
441WYHMi,4,plain,none,mixed,3 3 5 5
441WPOIf,4,plain,none,mixed,1 3 6 6
441W6vfc,4,plain,none,mixed,2 2 6 6
441WPa3v,4,progressive,none,progressive,1 3 5 7
441WqYC9,4,distinct,none,distinct,1 2 3 10
441WPj2m,4,plain,none,mixed,1 4 4 7
441W0ad_,4,plain,none,mixed,3 3 4 6
441Wsh1O,4,progressive,none,distinct,1 4 5 6
441WIG9j,4,plain,none,mixed,2 4 4 6
441W49sq,4,distinct,none,distinct,1 4 5 6
441W21_i,4,progressive,none,distinct,2 3 4 7
441WKr4-,4,progressive,none,distinct,2 3 5 6
441WMcWR,4,progressive,none,distinct,2 3 4 7
441Whs6G,4,progressive,none,distinct,2 3 5 6
441WYU5A,4,plain,none,mixed,1 3 6 6
441WDAqe,4,progressive,none,progressive,1 3 5 7
441Wa4Lj,4,plain,none,mixed,2 3 3 8
441WWOMl,4,plain,none,mixed,1 3 6 6
441W0Yyj,4,distinct,none,distinct,1 2 4 9
441WKr6i,4,distinct,none,distinct,2 3 5 6
441W4acs,4,plain,none,mixed,3 3 4 6
441W9Gsv,4,plain,none,mixed,3 3 4 6
441WbIPK,4,plain,none,mixed,2 2 5 7
441Wb1RS,4,progressive,none,distinct,2 3 5 6
441W2EbQ,4,plain,none,mixed,1 3 6 6
441W4IoI,4,plain,none,mixed,1 4 4 7
441WYK5R,4,progressive,none,distinct,2 3 5 6
441WHHjS,4,progressive,none,distinct,2 3 4 7
441WVfeG,4,plain,none,mixed,2 2 4 8
441Wrm9o,4,plain,none,mixed,3 3 4 6
441W6oia,4,plain,none,mixed,2 4 4 6
441WJoOY,4,progressive,none,progressive,1 3 5 7
441WDSnH,4,distinct,none,distinct,1 3 4 8
441W3YrT,4,progressive,none,distinct,2 3 5 6
441Wv8DA,4,distinct,none,distinct,1 2 5 8
441WCQMg,4,plain,none,mixed,3 4 4 5
441WIwOA,4,progressive,none,progressive,1 3 5 7
441WgJ4e,4,progressive,none,distinct,1 2 6 7
441WIgJH,4,plain,none,mixed,3 4 4 5
441WG2sR,4,symmetric-rot180,rot180,mixed,2 2 6 6
441WZi6Z,4,distinct,none,distinct,1 4 5 6
441WHJIu,4,progressive,none,distinct,1 4 5 6
441WKoEa,4,progressive,none,distinct,2 3 4 7
441WJIa6,4,progressive,none,distinct,1 2 6 7
441WIIa9,4,symmetric-rot180,rot180,mixed,2 2 6 6
441WAorW,4,plain,none,mixed,3 3 3 7
441WBet9,4,progressive,none,distinct,2 3 5 6
441WKibA,4,distinct,none,distinct,2 3 4 7
441WLnfu,4,progressive,none,distinct,2 3 5 6
441WK8lP,4,plain,none,mixed,2 4 4 6
441WxI42,4,progressive,none,distinct,1 2 6 7
441WNoe6,4,progressive,none,distinct,1 2 6 7
441WKWFR,4,plain,none,mixed,3 4 4 5
441WAYtW,4,plain,none,mixed,2 3 3 8
441W3Asi,4,plain,none,mixed,2 4 4 6
441WA1Rw,4,plain,none,mixed,3 3 5 5
441WZwLC,4,plain,none,mixed,3 4 4 5
441WaHMi,4,progressive,none,distinct,2 3 5 6
441WWnE-,4,plain,none,mixed,3 3 4 6
441WAqIf,4,plain,none,mixed,2 4 5 5
441WHvHo,4,progressive,none,distinct,2 3 5 6
441WIGRI,4,plain,none,mixed,2 4 4 6
441WHCbg,4,distinct,none,distinct,2 3 4 7
441W8vkg,4,progressive,none,distinct,2 3 4 7
441W4enB,4,plain,none,mixed,1 1 5 9
441WIXJQ,4,uniform,none,uniform,4 4 4 4
441Wi0Tf,4,plain,none,mixed,2 2 4 8
441WNIYY,4,plain,none,mixed,3 3 5 5
441WWsKs,4,progressive,none,distinct,2 3 4 7
441Wfk6u,4,progressive,none,distinct,2 3 5 6
441WLoXv,4,plain,none,mixed,2 4 5 5
441WE8hw,4,plain,none,mixed,3 4 4 5
441WDHqu,4,progressive,none,progressive,1 3 5 7
441W3adh,4,plain,none,mixed,3 4 4 5
441W9Cbg,4,distinct,none,distinct,2 3 4 7
441WMeCJ,4,plain,none,mixed,1 4 4 7
441WKOVH,4,progressive,none,distinct,2 3 5 6
441WIycA,4,plain,none,mixed,2 4 5 5
441WEoXf,4,plain,none,mixed,2 4 5 5
441WLniu,4,plain,none,mixed,2 2 6 6
441WKIoa,4,distinct,none,distinct,1 2 4 9
441W64L_,4,progressive,none,distinct,2 3 5 6
441Wt9GK,4,plain,none,mixed,2 3 3 8
441WHa3x,4,plain,none,mixed,3 3 3 7
441WZs6K,4,plain,none,mixed,2 4 5 5
441WsYA9,4,plain,none,mixed,2 2 3 9
441W8Pjo,4,distinct,none,distinct,2 3 4 7
441WBkcA,4,progressive,none,distinct,2 3 4 7
441WNaYY,4,plain,none,mixed,3 3 3 7
441WErKe,4,plain,none,mixed,2 4 4 6
441W7IKc,4,plain,none,mixed,1 5 5 5
441WcvCA,4,progressive,none,distinct,2 3 5 6
441Wri45,4,distinct,none,distinct,1 2 4 9
441Wn9DC,4,plain,none,mixed,1 3 3 9
441WMQYA,4,plain,none,mixed,3 3 5 5
441WZmLh,4,plain,none,mixed,3 4 4 5
441W9uQA,4,progressive,none,distinct,1 2 6 7
441WHuQf,4,progressive,none,distinct,1 4 5 6
441Wlx8W,4,plain,none,mixed,3 3 4 6
441WPwAe,4,progressive,none,progressive,1 3 5 7
441W9oHP,4,distinct,none,distinct,2 3 4 7
441WFOTX,4,plain,none,mixed,3 3 4 6
441W4nUi,4,progressive,none,distinct,1 4 5 6
441W1yck,4,progressive,none,distinct,1 4 5 6
441WfYFm,4,plain,none,mixed,2 2 5 7
441WZc7K,4,progressive,none,distinct,1 4 5 6
441WCAMw,4,plain,none,mixed,3 4 4 5
441Wg8Mn,4,distinct,none,distinct,2 3 4 7
441WDgbX,4,plain,none,mixed,3 3 4 6
441W1_ca,4,distinct,none,distinct,2 3 4 7
441WXR4q,4,plain,none,mixed,2 3 3 8
441WTAKe,4,progressive,none,progressive,1 3 5 7
441Wrq1o,4,plain,none,mixed,3 4 4 5
441W28sJ,4,progressive,none,distinct,1 2 6 7
441WdYBY,4,progressive,none,distinct,2 3 5 6
441Wq0Pj,4,plain,none,mixed,2 2 4 8
441WIiHQ,4,plain,none,mixed,2 4 4 6
441WZ_64,4,progressive,none,distinct,2 3 5 6
441WbeCZ,4,progressive,none,distinct,1 3 4 8
441W6rKi,4,plain,none,mixed,2 4 5 5
441WKjYq,4,progressive,none,distinct,2 3 4 7
441WXC5k,4,progressive,none,distinct,1 3 4 8
441W59qa,4,distinct,none,distinct,1 3 4 8
441W2grJ,4,plain,none,mixed,1 3 6 6
441WLzYe,4,plain,none,mixed,3 3 5 5
441WEHoe,4,progressive,none,distinct,1 4 5 6
441WRfAW,4,distinct,none,distinct,1 4 5 6
441WOnAw,4,distinct,none,distinct,1 3 4 8
441WceBk,4,plain,none,mixed,3 4 4 5
441WeHMw,4,progressive,none,distinct,2 3 5 6
441WKE7Q,4,progressive,none,progressive,1 3 5 7
441WBWQY,4,distinct,none,distinct,1 2 5 8
441WMgLH,4,plain,none,mixed,3 3 5 5
441W6QqA,4,progressive,none,progressive,1 3 5 7
441Wg0Vf,4,progressive,none,distinct,2 3 4 7
441WBAIg,4,progressive,none,distinct,2 3 5 6
441WMLZ8,4,distinct,none,distinct,2 3 4 7
441WVi4H,4,progressive,none,distinct,2 3 5 6
441WIhJ2,4,progressive,none,distinct,2 3 4 7
441WHjq4,4,plain,none,mixed,2 2 3 9
441W7kYg,4,plain,none,mixed,3 3 4 6
441WjmAB,4,progressive,none,distinct,2 3 5 6
441WcGIj,4,plain,none,mixed,2 4 4 6
441W83sw,4,progressive,none,progressive,1 3 5 7
441WBCbQ,4,plain,none,mixed,2 4 4 6
441WnnEu,4,progressive,none,distinct,1 4 5 6
441WB3Ig,4,progressive,none,distinct,1 2 5 8
441W7IYc,4,plain,none,mixed,1 5 5 5
441W18jk,4,progressive,none,distinct,1 4 5 6
441W9dIO,4,distinct,none,distinct,1 2 6 7
441W9Wko,4,distinct,none,distinct,2 3 4 7
441WU8Kn,4,progressive,none,distinct,1 3 4 8
441Wcw1k,4,plain,none,mixed,3 3 5 5
441WE8qn,4,distinct,none,distinct,1 3 4 8
441WDIKv,4,plain,none,mixed,2 4 4 6
441WXc6z,4,progressive,none,distinct,2 3 5 6
441W6jKq,4,plain,none,mixed,2 4 5 5
441WBsGY,4,plain,none,mixed,2 2 5 7
441W5IsY,4,progressive,none,distinct,1 4 5 6
441WNYDK,4,progressive,none,distinct,2 3 4 7
441WZvLK,4,plain,none,mixed,3 4 4 5
441W4AM-,4,plain,none,mixed,3 3 5 5
441WYi6d,4,progressive,none,progressive,1 3 5 7
441WPy2f,4,distinct,none,distinct,1 3 4 8
441W1Xtw,4,plain,none,mixed,3 4 4 5
441WagHA,4,plain,none,mixed,2 3 3 8
441WCBMu,4,progressive,none,distinct,1 4 5 6
441WTJKO,4,progressive,none,progressive,1 3 5 7
441WYV52,4,progressive,none,distinct,1 2 6 7
441WfgLe,4,progressive,none,distinct,2 3 5 6
441WDFZG,4,progressive,none,distinct,1 4 5 6
441W2yqk,4,progressive,none,distinct,2 3 4 7
441WYgFA,4,progressive,none,distinct,2 3 4 7
441Wqu9r,4,progressive,none,distinct,2 3 5 6
441WRBI8,4,plain,none,mixed,1 4 4 7
441WtT34,4,progressive,none,distinct,2 3 5 6
441Ws9BO,4,distinct,none,distinct,2 3 5 6
441Wlc5G,4,distinct,none,distinct,1 3 4 8
441WA4Jx,4,plain,none,mixed,3 3 5 5
441WFQq8,4,plain,none,mixed,1 5 5 5
441WD9Te,4,plain,none,mixed,3 4 4 5
441WMb5Q,4,plain,none,mixed,2 4 5 5
441W4Zbi,4,plain,none,mixed,1 4 4 7
441WkBBm,4,progressive,none,distinct,2 3 5 6
441WLELC,4,progressive,none,distinct,1 3 4 8
441WIrq8,4,plain,none,mixed,2 2 5 7
441WZYFK,4,plain,none,mixed,2 4 4 6
441WIhB2,4,plain,none,mixed,2 2 5 7
441WVKZ2,4,progressive,none,distinct,2 3 4 7
441W1JIS,4,plain,none,mixed,1 4 4 7
441Wco8s,4,distinct,none,distinct,2 3 4 7
441W2TbA,4,plain,none,mixed,2 2 5 7
441W3scK,4,plain,none,mixed,2 4 5 5
441W9lG8,4,distinct,none,distinct,1 2 4 9
441WCTdY,4,progressive,none,distinct,2 3 4 7
441WMXDQ,4,plain,none,mixed,3 4 4 5
441Wb0RT,4,plain,none,mixed,2 4 5 5
441WXIMc,4,distinct,none,distinct,1 3 4 8
441WK8VP,4,plain,none,mixed,3 3 4 6
441WJWBT,4,plain,none,mixed,3 4 4 5
441Whk71,4,progressive,none,progressive,1 3 5 7
441WoC5P,4,progressive,none,progressive,1 3 5 7
441W1SJD,4,plain,none,mixed,2 3 3 8
441Wjc2P,4,plain,none,mixed,2 4 4 6
441WFAYf,4,progressive,none,distinct,2 3 4 7
441WRb3O,4,plain,none,mixed,2 2 6 6
441WGeHl,4,distinct,none,distinct,1 2 5 8
441WTWS2,4,distinct,none,distinct,1 2 3 10
441W3YkT,4,distinct,none,distinct,2 3 5 6
441W3ftC,4,progressive,none,distinct,2 3 4 7
441Wr1Pg,4,plain,none,mixed,2 3 3 8
441WMni8,4,plain,none,mixed,2 2 5 7
441WXk6w,4,plain,none,mixed,3 3 4 6
441Wao5s,4,plain,none,mixed,3 4 4 5
441WB9sG,4,plain,none,mixed,2 4 4 6
441WYb7Q,4,plain,none,mixed,2 4 5 5
441WHk2y,4,distinct,none,distinct,2 3 4 7
441W1ePD,4,distinct,none,distinct,1 2 4 9
441WbT7Y,4,plain,none,mixed,2 4 5 5
441WTgb1,4,progressive,none,distinct,2 3 4 7
441WBAaP,4,progressive,none,distinct,2 3 4 7
441WagH3,4,distinct,none,distinct,1 2 3 10
441WLcYv,4,progressive,none,distinct,2 3 4 7
441WqIGs,4,plain,none,mixed,2 2 4 8
441WGCtQ,4,plain,none,mixed,2 4 4 6
441WtOGD,4,plain,none,mixed,2 2 4 8
441WHKJh,4,plain,none,mixed,3 3 3 7
441WjoAG,4,plain,none,mixed,3 3 4 6
441WJ1RS,4,plain,none,mixed,3 3 4 6
441WIDJA,4,plain,none,mixed,2 2 4 8
441WMufA,4,plain,none,mixed,2 4 5 5
441WFvS8,4,progressive,none,distinct,1 4 5 6
441Wrd2u,4,distinct,none,distinct,1 3 4 8
441WTIKP,4,progressive,none,distinct,2 3 4 7
441WF0hh,4,plain,none,mixed,2 4 4 6
441WCIMf,4,plain,none,mixed,2 4 4 6
441W2Asy,4,plain,none,mixed,2 4 5 5
441WNgeS,4,progressive,none,distinct,2 3 4 7
441Wch1y,4,progressive,none,distinct,1 4 5 6
441WrHBu,4,plain,none,mixed,3 3 4 6
441WjYJG,4,progressive,none,distinct,2 3 4 7
441W7qah,4,plain,none,mixed,3 3 5 5
441WSSLn,4,distinct,none,distinct,1 3 4 8
441WMgbH,4,plain,none,mixed,2 4 5 5
441WLs6K,4,plain,none,mixed,2 4 5 5
441W45pQ,4,progressive,none,distinct,1 2 6 7
441W0ukl,4,progressive,none,distinct,1 4 5 6
441W_a22,4,plain,none,mixed,2 2 4 8
441Wqd48,4,plain,none,mixed,1 1 4 10
441WgR4m,4,plain,none,mixed,2 2 5 7
441Wh34Q,4,distinct,none,distinct,1 2 3 10
441WKLN8,4,plain,none,mixed,2 3 3 8
441WIeHz,4,progressive,none,distinct,2 3 5 6
441Wjl10,4,plain,none,mixed,1 4 4 7
441W54ZV,4,plain,none,mixed,1 3 6 6
441WLQYn,4,plain,none,mixed,3 4 4 5
441W3AaT,4,plain,none,mixed,2 2 5 7
441We8Vv,4,progressive,none,distinct,2 3 4 7
441Wn34g,4,plain,none,mixed,1 1 3 11
441WfWSY,4,plain,none,mixed,1 2 2 11
441WxR40,4,plain,none,mixed,1 4 4 7
441WOa3x,4,plain,none,mixed,1 3 3 9
441WXGDx,4,plain,none,mixed,2 4 4 6
441WIYrI,4,progressive,none,distinct,2 3 4 7
441W9pOO,4,plain,none,mixed,1 1 5 9
441W5bXE,4,distinct,none,distinct,1 2 3 10
441WYk7A,4,progressive,none,progressive,1 3 5 7
441Wd9KK,4,progressive,none,distinct,2 3 4 7
441WO2Ro,4,progressive,none,distinct,1 2 6 7
441WFYrG,4,distinct,none,distinct,1 3 4 8
441WPAa9,4,plain,none,mixed,2 2 3 9
441WIoOI,4,plain,none,mixed,1 4 4 7
441WsZ1Q,4,progressive,none,distinct,1 4 5 6
441WX45l,4,plain,none,mixed,1 3 3 9
441Wda3h,4,plain,none,mixed,3 4 4 5
441WMwXH,4,plain,none,mixed,3 4 4 5
441W6yKk,4,progressive,none,distinct,2 3 5 6
441WLi4Z,4,progressive,none,progressive,1 3 5 7
441WkY3o,4,plain,none,mixed,3 3 5 5
441WVuC9,4,plain,none,mixed,3 3 4 6
441WIWl9,4,distinct,none,distinct,2 3 4 7
441WKHoi,4,distinct,none,distinct,1 2 5 8
441W13ak,4,plain,none,mixed,1 1 4 10
441WICJP,4,plain,none,mixed,3 4 4 5
441WdoCY,4,plain,none,mixed,3 4 4 5
441W8nkw,4,plain,none,mixed,3 3 4 6
441WXWEs,4,progressive,none,progressive,1 3 5 7
441WMXh8,4,plain,none,mixed,2 3 3 8
441WtPB4,4,progressive,none,distinct,2 3 4 7
441WtC3g,4,progressive,none,distinct,2 3 4 7
441WHXRu,4,progressive,none,progressive,1 3 5 7
441WLgCi,4,plain,none,mixed,2 4 4 6
441WPTbG,4,progressive,none,distinct,2 3 4 7
441WgnLe,4,plain,none,mixed,2 4 4 6
441WHJIg,4,progressive,none,distinct,1 3 4 8
441WeCNv,4,progressive,none,distinct,2 3 4 7
441Wa5Li,4,plain,none,mixed,2 2 3 9
441W2rqi,4,plain,none,mixed,2 4 5 5
441WnT5m,4,progressive,none,progressive,1 3 5 7
441Wsj2G,4,plain,none,mixed,2 4 4 6
441WTnLO,4,plain,none,mixed,3 4 4 5
441Wn45h,4,plain,none,mixed,1 3 3 9
441WBCt9,4,plain,none,mixed,2 3 3 8
441WHWRv,4,distinct,none,distinct,1 4 5 6
441W5Gsh,4,progressive,none,distinct,1 4 5 6
441Wbe9E,4,progressive,none,progressive,1 3 5 7
441W1gri,4,plain,none,mixed,3 4 4 5
441W3BaS,4,progressive,none,progressive,1 3 5 7
441WYnEQ,4,plain,none,mixed,3 4 4 5
441W2aH_,4,plain,none,mixed,2 2 3 9
441WfIDm,4,plain,none,mixed,2 2 6 6
441WcfHy,4,plain,none,mixed,2 4 4 6
441WKSdA,4,plain,none,mixed,2 4 4 6
441WFRYW,4,plain,none,mixed,3 4 4 5
441Wth34,4,progressive,none,distinct,2 3 5 6
441WI_22,4,plain,none,mixed,2 2 6 6
441WMq4R,4,plain,none,mixed,2 4 5 5
441Wbl14,4,progressive,none,distinct,1 3 4 8
441W53YU,4,plain,none,mixed,1 1 6 8
441Wlx1W,4,plain,none,mixed,3 4 4 5
441WViY1,4,plain,none,mixed,3 3 3 7
441WMoCa,4,plain,none,mixed,2 4 4 6
441W1BjY,4,plain,none,mixed,2 2 5 7
441W3aIc,4,progressive,none,distinct,1 2 6 7
441WIgrH,4,progressive,none,distinct,2 3 5 6
441Wi8Fw,4,plain,none,mixed,2 4 5 5
441W-f8m,4,progressive,none,progressive,1 3 5 7
441W6IYj,4,plain,none,mixed,2 4 5 5
441WfiKX,4,plain,none,mixed,2 2 3 9
441WTSd1,4,progressive,none,distinct,2 3 4 7
441WIT1q,4,progressive,none,distinct,2 3 4 7
441Wb43V,4,progressive,none,progressive,1 3 5 7
441W2-Gk,4,plain,none,mixed,2 3 3 8
441WAokW,4,plain,none,mixed,3 3 3 7
441WJSJ5,4,progressive,none,distinct,2 3 4 7
441WSi6n,4,plain,none,mixed,1 5 5 5
441WCHVe,4,distinct,none,distinct,2 3 4 7
441WlA2g,4,plain,none,mixed,2 3 3 8
441W3myT,4,progressive,none,progressive,1 3 5 7
441WqeEH,4,plain,none,mixed,1 3 6 6
441WeRMm,4,plain,none,mixed,2 2 4 8
441WkLHe,4,plain,none,mixed,2 2 6 6
441WHccT,4,plain,none,mixed,2 2 5 7
441WnhLW,4,progressive,none,progressive,1 3 5 7
441WIy2B,4,progressive,none,distinct,1 4 5 6
441WDKnP,4,distinct,none,distinct,1 3 4 8
441WaS3J,4,distinct,none,distinct,1 4 5 6
441WZ9MK,4,plain,none,mixed,3 3 4 6
441W3wHb,4,progressive,none,distinct,2 3 4 7
441WEMZW,4,plain,none,mixed,1 4 4 7
441WQa3f,4,plain,none,mixed,1 3 6 6
441WXc7q,4,plain,none,mixed,1 3 6 6
441WMOTA,4,plain,none,mixed,3 3 5 5
441W48hR,4,plain,none,mixed,1 4 4 7
441WLIFK,4,plain,none,mixed,2 4 5 5
441WBorG,4,plain,none,mixed,3 3 4 6
441WiWLf,4,plain,none,mixed,2 2 5 7
441W1CJU,4,plain,none,mixed,1 4 4 7
441WJjIW,4,plain,none,mixed,2 4 5 5
441WZeND,4,distinct,none,distinct,2 3 5 6
441WhqKP,4,progressive,none,distinct,2 3 4 7
441WAfQm,4,plain,none,mixed,1 5 5 5
441Wfh7m,4,progressive,none,distinct,2 3 4 7
441Wrs2Y,4,progressive,none,distinct,2 3 4 7
441Wbo8M,4,distinct,none,distinct,1 3 4 8
441W9eyX,4,plain,none,mixed,1 3 3 9
441W2sGj,4,plain,none,mixed,2 2 4 8
441W4Jci,4,distinct,none,distinct,1 4 5 6
441WIr2Q,4,plain,none,mixed,3 3 4 6
441WaIFa,4,progressive,none,distinct,2 3 4 7
441WLeCb,4,plain,none,mixed,2 2 4 8
441WrXHg,4,distinct,none,distinct,2 3 4 7
441Wko8f,4,progressive,none,distinct,2 3 5 6
441WDIKo,4,plain,none,mixed,2 4 4 6
441WqL3i,4,plain,none,mixed,2 2 5 7
441Wzg8e,4,progressive,none,progressive,1 3 5 7
441WAOjg,4,plain,none,mixed,3 4 4 5
441WJiI5,4,plain,none,mixed,2 2 4 8
441WLTN4,4,plain,none,mixed,3 3 3 7
441Whg7X,4,progressive,none,distinct,2 3 5 6
441WNYfK,4,plain,none,mixed,2 2 3 9
441WASbg,4,plain,none,mixed,3 4 4 5
441W5JKy,4,distinct,none,distinct,1 4 5 6
441WLYFK,4,plain,none,mixed,2 4 4 6
441WAcdW,4,distinct,none,distinct,1 3 4 8
441W5ofK,4,plain,none,mixed,2 2 5 7
441Wc9Iq,4,plain,none,mixed,2 4 4 6
441WD4pP,4,progressive,none,progressive,1 3 5 7
441WcXLQ,4,plain,none,mixed,2 4 5 5
441WLYZo,4,plain,none,mixed,3 4 4 5
441WX1Dk,4,plain,none,mixed,1 3 3 9
441WCgbg,4,plain,none,mixed,3 3 4 6
441WQ1Re,4,distinct,none,distinct,1 3 4 8
441WvmEP,4,progressive,none,distinct,1 4 5 6
441W0cds,4,progressive,none,distinct,1 4 5 6
441W4lX2,4,distinct,none,distinct,1 2 3 10
441WI3aQ,4,distinct,none,distinct,1 2 4 9
441WvL5O,4,distinct,none,distinct,1 2 5 8
441Wkg3n,4,plain,none,mixed,3 4 4 5
441Wk0Rf,4,distinct,none,distinct,2 3 4 7
441WGfAs,4,plain,none,mixed,2 2 5 7
441WEHve,4,plain,none,mixed,1 3 6 6
441W2aqs,4,plain,none,mixed,2 2 4 8
441W4LnQ,4,distinct,none,distinct,1 2 3 10
441W8dqe,4,distinct,none,distinct,1 2 3 10
441WSfEm,4,distinct,none,distinct,1 4 5 6
441WBgJX,4,plain,none,mixed,3 3 5 5
441WnPDm,4,progressive,none,distinct,1 4 5 6
441W5GoT,4,plain,none,mixed,1 3 6 6
441W2Ajy,4,plain,none,mixed,2 4 5 5
441WsWHR,4,plain,none,mixed,2 4 5 5
441Wjg5X,4,progressive,none,distinct,2 3 5 6
441WcXDQ,4,plain,none,mixed,3 3 5 5
441WACbw,4,plain,none,mixed,3 3 4 6
441WCjaY,4,plain,none,mixed,2 3 3 8
441WS0vf,4,plain,none,mixed,1 1 4 10
441WAKJo,4,symmetric-rot180,rot180,mixed,3 3 5 5
441WdoHY,4,progressive,none,distinct,2 3 5 6
441WIq2R,4,plain,none,mixed,2 4 4 6
441WEgbn,4,plain,none,mixed,3 4 4 5
441WcY1_,4,plain,none,mixed,2 2 5 7
441W1Ajb,4,plain,none,mixed,2 2 4 8
441WYE5y,4,progressive,none,progressive,1 3 5 7
441W3okK,4,plain,none,mixed,3 3 5 5
441WbR6a,4,plain,none,mixed,3 3 4 6
441W20j_,4,plain,none,mixed,2 4 4 6
441W0Gs_,4,plain,none,mixed,2 4 4 6
441WrI66,4,plain,none,mixed,1 1 6 8
441W6BYy,4,distinct,none,distinct,1 4 5 6
441WWuUk,4,plain,none,mixed,1 3 6 6
441W8bdw,4,progressive,none,distinct,2 3 4 7
441W30Rl,4,progressive,none,distinct,1 4 5 6
441W_RG0,4,plain,none,mixed,2 4 4 6
441Wa26_,4,plain,none,mixed,2 3 3 8
441WJvHK,4,plain,none,mixed,3 3 5 5
441W4HvQ,4,plain,none,mixed,1 3 3 9
441WiGMf,4,plain,none,mixed,2 2 6 6
441WXYEz,4,progressive,none,distinct,2 3 5 6
441WXT5o,4,distinct,none,distinct,2 3 4 7
441Wri2n,4,plain,none,mixed,3 4 4 5
441W3AjS,4,plain,none,mixed,2 4 5 5
441WEYex,4,plain,none,mixed,2 2 3 9
441WIcI9,4,plain,none,mixed,2 2 4 8
441WPSbH,4,distinct,none,distinct,2 3 4 7
441WhV50,4,distinct,none,distinct,1 4 5 6
441WyK3f,4,progressive,none,progressive,1 3 5 7
441WMmCj,4,plain,none,mixed,2 4 4 6
441WauLr,4,progressive,none,distinct,2 3 5 6
441WJWkY,4,plain,none,mixed,2 3 3 8
441W2WlR,4,plain,none,mixed,3 3 4 6
441W10_z,4,plain,none,mixed,3 4 4 5
441WaPPI,4,plain,none,mixed,2 2 4 8
441W5wgC,4,distinct,none,distinct,2 3 4 7
441WhE5H,4,plain,none,mixed,1 3 3 9
441Wld4O,4,distinct,none,distinct,1 3 4 8
441WLU7C,4,progressive,none,distinct,1 4 5 6
441Wt4HT,4,plain,none,mixed,2 3 3 8
441WJz2C,4,plain,none,mixed,3 3 4 6
441Wck0-,4,progressive,none,distinct,2 3 4 7
441Wks0o,4,plain,none,mixed,3 4 4 5
441WECLw,4,plain,none,mixed,3 4 4 5
441WdnHg,4,plain,none,mixed,2 4 4 6
441W3zHa,4,progressive,none,distinct,2 3 4 7
441WaC3R,4,plain,none,mixed,1 3 6 6
441WSIKo,4,distinct,none,distinct,1 3 4 8
441Wir4w,4,progressive,none,distinct,2 3 4 7
441WhWNP,4,plain,none,mixed,3 3 5 5
441WfI4v,4,plain,none,mixed,2 2 4 8
441WnrKu,4,progressive,none,distinct,1 2 6 7
441W2Eby,4,progressive,none,distinct,1 4 5 6
441WEAYw,4,plain,none,mixed,3 3 4 6
441WiB6u,4,progressive,none,distinct,1 2 6 7
441WFQq1,4,progressive,none,progressive,1 3 5 7
441WJwHC,4,plain,none,mixed,3 4 4 5
441W6gny,4,progressive,none,progressive,1 3 5 7
441WrS3f,4,plain,none,mixed,3 4 4 5
441W32aV,4,distinct,none,distinct,1 2 5 8
441Wbh3K,4,plain,none,mixed,3 3 5 5
441W9StX,4,plain,none,mixed,3 3 3 7
441WFWSI,4,progressive,none,distinct,1 2 5 8
441WPr2u,4,progressive,none,progressive,1 3 5 7
441W2SbB,4,progressive,none,progressive,1 3 5 7
441W3KbM,4,plain,none,mixed,1 5 5 5
441WSL7e,4,progressive,none,distinct,1 2 6 7
441WHeyX,4,progressive,none,distinct,1 2 4 9
441WZh7a,4,plain,none,mixed,3 3 4 6
441WHXlu,4,distinct,none,distinct,2 3 4 7
441Wrs0q,4,plain,none,mixed,2 4 5 5
441WlY5P,4,progressive,none,distinct,2 3 5 6
441WoYE9,4,distinct,none,distinct,1 2 4 9
441W11_w,4,plain,none,mixed,3 3 5 5
441WcGKR,4,plain,none,mixed,2 2 5 7
441W7sWc,4,progressive,none,progressive,1 3 5 7
441WnR4m,4,progressive,none,distinct,1 2 5 8
441WLSZb,4,plain,none,mixed,2 2 4 8
441WRi2X,4,plain,none,mixed,1 3 6 6
441W5aYM,4,plain,none,mixed,1 3 6 6
441WcY3s,4,plain,none,mixed,2 4 5 5
441Wsq0R,4,plain,none,mixed,2 4 4 6
441W1frg,4,plain,none,mixed,2 4 5 5
441WKy5r,4,plain,none,mixed,2 4 5 5
441WOgHg,4,plain,none,mixed,1 3 3 9
441W7-Wb,4,distinct,none,distinct,2 3 4 7
441W9qch,4,progressive,none,distinct,2 3 4 7
441WHE1Z,4,plain,none,mixed,1 1 3 11
441W5Kdh,4,plain,none,mixed,3 4 4 5
441Wl0Bh,4,progressive,none,distinct,2 3 4 7
441W0xkc,4,progressive,none,distinct,2 3 4 7
441WSmgf,4,distinct,none,distinct,1 2 5 8
441WY_62,4,plain,none,mixed,2 2 5 7
441WNSZ5,4,progressive,none,distinct,2 3 4 7
441WeYFo,4,plain,none,mixed,2 2 5 7
441Wqc1a,4,distinct,none,distinct,1 2 4 9
441WBUb8,4,plain,none,mixed,1 5 5 5
441WRic1,4,progressive,none,distinct,2 3 4 7
441W3xk4,4,plain,none,mixed,3 3 3 7
441WGnH-,4,progressive,none,distinct,2 3 4 7
441WKAcP,4,symmetric-rot180,rot180,mixed,2 2 6 6
441WouEA,4,progressive,none,distinct,1 4 5 6
441WSAKg,4,plain,none,mixed,1 3 3 9
441WLb7S,4,plain,none,mixed,2 4 5 5
441WfM5m,4,progressive,none,distinct,1 2 6 7
441Wto86,4,progressive,none,progressive,1 3 5 7
441W8Rsm,4,distinct,none,distinct,2 3 4 7
441WKAFJ,4,progressive,none,distinct,1 2 5 8
441WHC1j,4,plain,none,mixed,2 2 3 9
441W0Ktj,4,plain,none,mixed,3 3 4 6
441W8htm,4,plain,none,mixed,3 3 3 7
441WafCc,4,plain,none,mixed,2 3 3 8
441WeeEp,4,progressive,none,distinct,1 2 6 7
441WEgXw,4,plain,none,mixed,3 3 4 6
441WKhNG,4,plain,none,mixed,3 3 3 7
441Wec7o,4,distinct,none,distinct,1 2 5 8
441WejMm,4,plain,none,mixed,2 2 4 8
441Wv8D9,4,distinct,none,distinct,1 3 4 8
441WYvLq,4,plain,none,mixed,3 4 4 5
441WHHRg,4,plain,none,mixed,2 3 3 8
441WLIM6,4,progressive,none,distinct,1 3 4 8
441WAYlW,4,plain,none,mixed,2 3 3 8
441WnuED,4,distinct,none,distinct,1 2 5 8
441WJYd6,4,progressive,none,distinct,1 2 5 8
441WyGBf,4,plain,none,mixed,1 4 4 7
441WKc5a,4,progressive,none,distinct,1 2 5 8
441W2uPk,4,progressive,none,progressive,1 3 5 7
441WKF7I,4,distinct,none,distinct,1 2 5 8
441WKAhr,4,symmetric-rot180,rot180,mixed,2 2 6 6
441WgfLu,4,plain,none,mixed,2 4 5 5
441W2jqq,4,plain,none,mixed,2 4 4 6
441W8gkw,4,plain,none,mixed,3 3 4 6
441WA3Iw,4,progressive,none,progressive,1 3 5 7
441WNAYg,4,plain,none,mixed,3 3 3 7
441W4VZ2,4,distinct,none,distinct,1 2 4 9
441WGwAk,4,plain,none,mixed,2 3 3 8
441WGbr8,4,plain,none,mixed,2 2 2 10
441WMggA,4,plain,none,mixed,2 3 3 8
441W8Kbx,4,plain,none,mixed,2 3 3 8
441W1Hjw,4,plain,none,mixed,3 3 5 5
441W4IvI,4,distinct,none,distinct,1 2 4 9
441W4Ro2,4,distinct,none,distinct,1 2 4 9
441WBRj0,4,plain,none,mixed,2 4 4 6
441W0grd,4,distinct,none,distinct,1 3 4 8
441WIjqG,4,plain,none,mixed,2 2 6 6
441WCoLo,4,plain,none,mixed,3 4 4 5
441Wrr2u,4,plain,none,mixed,3 3 4 6
441W2ccj,4,plain,none,mixed,2 4 4 6
441WKBFI,4,plain,none,mixed,2 2 5 7
441WemTo,4,progressive,none,distinct,1 2 6 7
441WFLLO,4,plain,none,mixed,2 4 5 5
441WXZEy,4,progressive,none,progressive,1 3 5 7
441W7SLL,4,plain,none,mixed,2 4 4 6
441WJTJW,4,plain,none,mixed,3 4 4 5
441WZGMT,4,plain,none,mixed,3 3 4 6
441WHSJn,4,plain,none,mixed,3 4 4 5
441WEeSn,4,plain,none,mixed,1 4 4 7
441WXI4z,4,plain,none,mixed,2 3 3 8
441W7-a5,4,plain,none,mixed,2 3 3 8
441WMCZQ,4,plain,none,mixed,3 4 4 5
441WeM5o,4,distinct,none,distinct,1 2 4 9
441W4zLq,4,progressive,none,distinct,2 3 5 6
441WAjHu,4,plain,none,mixed,2 2 5 7
441WRq2P,4,plain,none,mixed,2 4 4 6
441W5Rh4,4,plain,none,mixed,2 3 3 8
441Wrg1g,4,plain,none,mixed,3 3 5 5
441Wk_0m,4,plain,none,mixed,2 4 5 5
441W7KLM,4,distinct,none,distinct,1 4 5 6
441WJSb5,4,plain,none,mixed,2 2 5 7
441WEhZm,4,plain,none,mixed,3 4 4 5
441WEweg,4,progressive,none,distinct,2 3 4 7
441WM1vQ,4,distinct,none,distinct,1 3 4 8
441WHF1a,4,distinct,none,distinct,1 2 3 10
441WHWPh,4,distinct,none,distinct,1 3 4 8
441WLa5h,4,plain,none,mixed,3 3 5 5
441W5AYT,4,plain,none,mixed,2 2 6 6
441W78qL,4,distinct,none,distinct,1 2 5 8
441WC5re,4,distinct,none,distinct,1 2 3 10
441WKoCs,4,plain,none,mixed,2 4 4 6
441WCPVm,4,plain,none,mixed,2 4 4 6
441WC0lx,4,plain,none,mixed,3 4 4 5
441W5Ldg,4,plain,none,mixed,2 4 5 5
441Wm8VQ,4,progressive,none,progressive,1 3 5 7
441WN-WX,4,plain,none,mixed,3 4 4 5
441Wda2c,4,plain,none,mixed,1 4 4 7
441WqQ6H,4,plain,none,mixed,1 3 6 6
441Ws8BP,4,plain,none,mixed,2 4 5 5
441WDwg1,4,plain,none,mixed,2 3 3 8
441Wk-0n,4,plain,none,mixed,3 4 4 5
441W3wr5,4,plain,none,mixed,2 3 3 8
441WIDJO,4,plain,none,mixed,2 4 4 6
441W5IvK,4,distinct,none,distinct,1 2 5 8
441WHcGh,4,plain,none,mixed,2 2 3 9
441WTBT0,4,progressive,none,distinct,2 3 4 7
441WNaY6,4,plain,none,mixed,1 3 3 9
441WHAaD,4,plain,none,mixed,2 2 2 10
441WV-W8,4,plain,none,mixed,3 3 5 5
441WHnHw,4,plain,none,mixed,3 3 4 6
441WLmCz,4,progressive,none,distinct,2 3 4 7
441WPiq1,4,plain,none,mixed,2 2 3 9
441W5mSz,4,progressive,none,progressive,1 3 5 7
441Wbt0S,4,plain,none,mixed,1 4 4 7
441W1iHE,4,distinct,none,distinct,1 2 4 9
441WLOhf,4,plain,none,mixed,3 4 4 5
441WE4Lx,4,plain,none,mixed,3 3 4 6
441WXs6o,4,plain,none,mixed,2 4 4 6
441W4kXA,4,plain,none,mixed,1 3 3 9
441WLHog,4,progressive,none,progressive,1 3 5 7
441Wb0BV,4,progressive,none,distinct,1 4 5 6
441WLgLX,4,plain,none,mixed,3 3 4 6
441WIdc8,4,distinct,none,distinct,1 2 4 9
441W1JIE,4,plain,none,mixed,1 1 4 10
441WEDLu,4,plain,none,mixed,2 4 5 5
441WXHMy,4,plain,none,mixed,3 4 4 5
441WBgd9,4,progressive,none,distinct,2 3 5 6
441WdQKC,4,plain,none,mixed,2 4 5 5
441WyS3n,4,distinct,none,distinct,1 4 5 6
441WHOjL,4,plain,none,mixed,2 2 5 7
441WRs2G,4,symmetric-rot180,rot180,mixed,2 2 6 6
441W8Yyf,4,distinct,none,distinct,1 2 3 10
441WnTN4,4,plain,none,mixed,1 3 3 9
441WEYgf,4,plain,none,mixed,2 2 4 8
441W8uzn,4,progressive,none,progressive,1 3 5 7
441WqOBr,4,plain,none,mixed,2 4 5 5
441WZCND,4,plain,none,mixed,2 3 3 8
441Wte8L,4,plain,none,mixed,2 3 3 8
441WLPhm,4,plain,none,mixed,3 4 4 5
441W7FZY,4,progressive,none,distinct,1 2 6 7
441Wkh5m,4,plain,none,mixed,2 4 5 5
441WLa7T,4,plain,none,mixed,3 4 4 5
441W4xg2,4,plain,none,mixed,2 2 3 9
